product,LGBM,MLP,RandomForest,Ridge,XGBoost,average,stack
artichoke,0.92451,0.92201,0.90916,0.86274,0.93962,0.94379,0.92335
cabbage,0.84326,0.81039,0.88808,0.70202,0.89758,0.90303,0.90615
cilantro,0.75246,0.83679,0.79172,0.84229,0.7854,0.7983,0.7244
daikon,0.91438,0.86252,0.91609,0.90886,0.91011,0.92324,0.88116
garlic,0.93251,0.96591,0.95695,0.8971,0.94075,0.94529,0.95077
onion,0.94393,0.87298,0.94646,0.94004,0.94856,0.94541,0.9411
radish,0.88048,0.84461,0.91853,0.80715,0.89488,0.91867,0.89225
